Year,Bear,Base,Bull,ML_Forecast
2024,9900000,9900000,9900000,11131727.269511241
2025,11385000,11880000,12672000,14878353.367480244
2026,13092750,14256000,16220160,16751666.41646475
2027,15056662,17107200,20761804,18624979.46544925
2028,17315161,20528640,26575110,20503424.878951516
2029,19912436,24634368,34016140,22376737.92793602
2030,22899301,29561241,43540660,24250050.976920526
