Year,BEV Market,Tesla Units,Tesla Revenue,Market Share
2024,9900000,1789226,75147492000,0.180729898989899
2025,11385000,2021825,83218332641,0.17758673693456303
2026,13092750,2284662,92155981567,0.17449825284985965
2027,15056662,2581668,102053533987,0.1714635023353782
2028,17315161,2917285,113014083537,0.16848154054126324
2029,19912435,3296532,125151796109,0.16555142552882157
2030,22899300,3725081,138593099011,0.16267226509107266
